{
    "title": "We are doing more than <br>you expect",
    "description": "<p>Faudantium magnam error temporibus ipsam aliquid neque quibusdam dolorum, quia ea numquam assumenda mollitia dolorem impedit. Voluptate at quis exercitationem officia temporibus adipisci quae totam enim dolorum, assumenda. Sapiente soluta nostrum reprehenderit a velit obcaecati facilis vitae magnam tenetur neque vel itaque inventore eaque explicabo commodi maxime! Aliquam quasi, voluptates odio.</p><p>Consectetur adipisicing elit. Cupiditate nesciunt amet facilis numquam, nam adipisci qui voluptate voluptas enim obcaecati veritatis animi nulla, mollitia commodi quaerat ex, autem ea laborum.</p>",
    "image": {
        "url": "/img/gallery/2.jpg",
        "alt": "image"
    },
    "number": {
        "value": "17",
        "label": "Years Experiense"
    },
    "signature": "/img/ui/signature.png"
}