{
    "image": {
       "url": "/img/illustrations/girl.png",
       "alt": "girl"
    },
    "subtitle": "Hi, new friend!",
    "title": "We do not <span>cook</span>, <br>we <span>create</span> your <br>emotions!",
    "description": "Consectetur numquam poro nemo veniam<br>eligendi rem adipisci quo modi.",
    "button1": {
        "link": "/menu",
        "icon": "/img/ui/icons/menu.svg",
        "label": "Our menu"
    },
    "button2": {
        "link": "/about",
        "icon": "/img/ui/icons/arrow.svg",
        "label": "About us"
    }
}