[{"id":"incredible-vegan-mac-and-cheese","content":"\r\nAre you passionate about design and interested in pursuing a career as a graphic designer? Graphic design is a dynamic field that combines creativity, technical skills, and a keen eye for aesthetics. Whether you're a beginner or someone looking to enhance their skills, this article will guide you through 10 simple steps to become a graphic designer.\r\n\r\n##### Understand the Field\r\n\r\nStart by gaining a comprehensive understanding of what graphic design entails. Research the different types of graphic design, such as branding, web design, print design, and illustration. Explore the work of successful graphic designers and analyze their portfolios to learn about various design styles and techniques.\r\n\r\n##### Get a Design Education\r\n\r\nWhile formal education is not always a requirement, it can provide you with a solid foundation and enhance your credibility as a graphic designer. Consider pursuing a degree or diploma in graphic design or a related field. Look for reputable design schools or online courses that offer comprehensive programs to learn both theory and practical skills.\r\n\r\n##### Build Your Portfolio\r\n\r\nYour portfolio is your calling card as a graphic designer. Compile a collection of your best design projects to showcase your abilities and style. Include a variety of work, such as logos, brochures, websites, or illustrations, to demonstrate your versatility. Constantly update your portfolio as you complete new projects or improve existing ones.\r\n\r\n##### Gain Practical Experience\r\n\r\nTo become a successful graphic designer, practical experience is crucial. Seek internships, freelance opportunities, or entry-level positions to gain hands-on experience in the field. This will allow you to apply your skills in real-world scenarios, understand client requirements, work with deadlines, and collaborate with others in a professional environment.","title":"Incredible Vegan Mac and Cheese","date":"2022-04-02","image":"/img/blog/1.jpg","categories":["Recipes"],"tags":["Recipes","Menu","Food"],"author":"Charlie Williams","short":"Lorem ipsum dolor sit amet, consectetur adipisicing elit. Eius sequi commodi dignissimos.","introLayout":2,"postLayout":2,"details":{"title":"Ingredients:","items":[{"label":"Numquam","value":"1 pack"},{"label":"Cupiditate","value":"150g"},{"label":"Adipisicing","value":"1kg"},{"label":"Dolorem obcaecati","value":"3 Teaspoon"},{"label":"Porro","value":"2 pack"},{"label":"Vel fuga","value":"300g"}]}},{"id":"creamy-kale-pasta","content":"\r\nGutem temporibus quae facilis totam, dolorem laborum optio laudantium explicabo quia ea. Officia beatae excepturi adipisci? Nobis consequatur ullam officiis adipisci assumenda, voluptas optio, commodi, soluta itaque error consectetur cupiditate vero voluptatem architecto blanditiis quidem amet. Quod ipsam consequuntur distinctio velit sed ipsum quisquam, itaque placeat error non animi quam aut similique nulla ab. Quaerat dicta, dolores veritatis magnam quae aut omnis in porro.\r\n\r\n###### Voluptatem odit ullam veritatis\r\n\r\nOmnis consectetur in libero! Quo animi minus sunt, excepturi inventore! Recusandae enim fugit saepe mollitia laboriosam minima sapiente laborum aspernatur ut! Voluptatibus tempora cupiditate nulla cum dicta odit unde eius sit molestias corrupti pariatur illum aspernatur blanditiis, dolor earum quidem incidunt eligendi magnam obcaecati iure quis corporis. Perspiciatis rem provident aliquid iusto temporibus, exercitationem voluptatibus accusamus amet ratione atque, dolor vel necessitatibus illo ipsa officia, sunt quia magni saepe velit ipsum sapiente blanditiis minima.\r\n\r\n- Voluptate aspernatur\r\n- Fugiat asperiores\r\n- Doloremque quidem porro\r\n- Numquam porro sequi\r\n- Laudantium quis\r\n\r\nVoluptatem odit ullam veritatis corrupti officia non aperiam eius vero amet, sed porro blanditiis, harum, quo fugit cupiditate. Maxime quaerat ratione","title":"Creamy Kale Pasta","date":"2022-04-02","image":"/img/blog/3.jpg","categories":["News of the restaurant"],"tags":["Restaurant","Caffe"],"author":"Nguta Ithya","short":"Lorem ipsum dolor sit amet, consectetur adipisicing elit. Eius sequi commodi dignissimos.","introLayout":1,"postLayout":3,"details":{"title":"Ingredients:","items":[{"label":"Numquam","value":"1 pack"},{"label":"Cupiditate","value":"150g"},{"label":"Adipisicing","value":"1kg"},{"label":"Dolorem obcaecati","value":"3 Teaspoon"},{"label":"Porro","value":"2 pack"},{"label":"Vel fuga","value":"300g"}]}},{"id":"tips-for-planning-a-menu","content":"\r\nGutem temporibus quae facilis totam, dolorem laborum optio laudantium explicabo quia ea. Officia beatae excepturi adipisci? Nobis consequatur ullam officiis adipisci assumenda, voluptas optio, commodi, soluta itaque error consectetur cupiditate vero voluptatem architecto blanditiis quidem amet. Quod ipsam consequuntur distinctio velit sed ipsum quisquam, itaque placeat error non animi quam aut similique nulla ab. Quaerat dicta, dolores veritatis magnam quae aut omnis in porro.\r\n\r\n###### Voluptatem odit ullam veritatis\r\n\r\nOmnis consectetur in libero! Quo animi minus sunt, excepturi inventore! Recusandae enim fugit saepe mollitia laboriosam minima sapiente laborum aspernatur ut! Voluptatibus tempora cupiditate nulla cum dicta odit unde eius sit molestias corrupti pariatur illum aspernatur blanditiis, dolor earum quidem incidunt eligendi magnam obcaecati iure quis corporis. Perspiciatis rem provident aliquid iusto temporibus, exercitationem voluptatibus accusamus amet ratione atque, dolor vel necessitatibus illo ipsa officia, sunt quia magni saepe velit ipsum sapiente blanditiis minima.\r\n\r\n- Voluptate aspernatur\r\n- Fugiat asperiores\r\n- Doloremque quidem porro\r\n- Numquam porro sequi\r\n- Laudantium quis\r\n\r\nVoluptatem odit ullam veritatis corrupti officia non aperiam eius vero amet, sed porro blanditiis, harum, quo fugit cupiditate. Maxime quaerat ratione\r\n\r\nTempora quasi nihil eos minus facilis. Modi atque odit mollitia, molestias eum inventore, minima distinctio laborum asperiores odio sit fuga rem, totam error aspernatur ipsa? Officia doloribus, non perspiciatis, aspernatur a numquam pariatur reprehenderit, incidunt fugiat modi nam. **Repudiandae obcaecati** excepturi, autem dicta tempore qui consequatur quisquam architecto dolorem voluptates nihil est ex perferendis eligendi laboriosam maxime placeat doloribus et reprehenderit beatae tempora numquam harum expedita! Amet at odit pariatur eum tenetur ratione\r\n\r\nModi sint reprehenderit vitae officiis pariatur, ab debitis voluptate ea eius assumenda beatae, tempora, dolores deserunt, ipsam ipsum! Quod ipsam consequuntur distinctio velit sed ipsum quisquam, itaque placeat error non animi quam aut similique nulla ab. Quaerat dicta, dolores veritatis magnam quae aut omnis in porro.\r\n","title":"Tips for Planning a Menu","date":"2022-03-02","image":"/img/blog/6.jpg","categories":["Menu"],"tags":["Menu","Caffe"],"author":"Charlie Williams","short":"Lorem ipsum dolor sit amet, consectetur adipisicing elit. Eius sequi commodi dignissimos.","introLayout":1,"postLayout":1,"details":{"title":"Ingredients:","items":[{"label":"Numquam","value":"1 pack"},{"label":"Cupiditate","value":"150g"},{"label":"Adipisicing","value":"1kg"},{"label":"Dolorem obcaecati","value":"3 Teaspoon"},{"label":"Porro","value":"2 pack"},{"label":"Vel fuga","value":"300g"}]}},{"id":"join-us-for-plant-powered-january","content":"\r\nGutem temporibus quae facilis totam, dolorem laborum optio laudantium explicabo quia ea. Officia beatae excepturi adipisci? Nobis consequatur ullam officiis adipisci assumenda, voluptas optio, commodi, soluta itaque error consectetur cupiditate vero voluptatem architecto blanditiis quidem amet. Quod ipsam consequuntur distinctio velit sed ipsum quisquam, itaque placeat error non animi quam aut similique nulla ab. Quaerat dicta, dolores veritatis magnam quae aut omnis in porro.\r\n\r\n###### Voluptatem odit ullam veritatis\r\n\r\nOmnis consectetur in libero! Quo animi minus sunt, excepturi inventore! Recusandae enim fugit saepe mollitia laboriosam minima sapiente laborum aspernatur ut! Voluptatibus tempora cupiditate nulla cum dicta odit unde eius sit molestias corrupti pariatur illum aspernatur blanditiis, dolor earum quidem incidunt eligendi magnam obcaecati iure quis corporis. Perspiciatis rem provident aliquid iusto temporibus, exercitationem voluptatibus accusamus amet ratione atque, dolor vel necessitatibus illo ipsa officia, sunt quia magni saepe velit ipsum sapiente blanditiis minima.\r\n\r\n- Voluptate aspernatur\r\n- Fugiat asperiores\r\n- Doloremque quidem porro\r\n- Numquam porro sequi\r\n- Laudantium quis\r\n\r\nVoluptatem odit ullam veritatis corrupti officia non aperiam eius vero amet, sed porro blanditiis, harum, quo fugit cupiditate. Maxime quaerat ratione","title":"Join Us For Plant-Powered January!","date":"2022-03-02","image":"/img/blog/5.jpg","categories":["Service sector"],"tags":["Services","Rest"],"author":"Tamzyn French","short":"Lorem ipsum dolor sit amet, consectetur adipisicing elit. Eius sequi commodi dignissimos.","introLayout":1,"postLayout":1,"details":{"title":"Ingredients:","items":[{"label":"Numquam","value":"1 pack"},{"label":"Cupiditate","value":"150g"},{"label":"Adipisicing","value":"1kg"},{"label":"Dolorem obcaecati","value":"3 Teaspoon"},{"label":"Porro","value":"2 pack"},{"label":"Vel fuga","value":"300g"}]}},{"id":"the-best-chicken-tinga-tacos","content":"\r\nAre you passionate about design and interested in pursuing a career as a graphic designer? Graphic design is a dynamic field that combines creativity, technical skills, and a keen eye for aesthetics. Whether you're a beginner or someone looking to enhance their skills, this article will guide you through 10 simple steps to become a graphic designer.\r\n\r\n##### Understand the Field\r\n\r\nStart by gaining a comprehensive understanding of what graphic design entails. Research the different types of graphic design, such as branding, web design, print design, and illustration. Explore the work of successful graphic designers and analyze their portfolios to learn about various design styles and techniques.\r\n\r\n##### Get a Design Education\r\n\r\nWhile formal education is not always a requirement, it can provide you with a solid foundation and enhance your credibility as a graphic designer. Consider pursuing a degree or diploma in graphic design or a related field. Look for reputable design schools or online courses that offer comprehensive programs to learn both theory and practical skills.\r\n\r\n##### Build Your Portfolio\r\n\r\nYour portfolio is your calling card as a graphic designer. Compile a collection of your best design projects to showcase your abilities and style. Include a variety of work, such as logos, brochures, websites, or illustrations, to demonstrate your versatility. Constantly update your portfolio as you complete new projects or improve existing ones.\r\n\r\n##### Gain Practical Experience\r\n\r\nTo become a successful graphic designer, practical experience is crucial. Seek internships, freelance opportunities, or entry-level positions to gain hands-on experience in the field. This will allow you to apply your skills in real-world scenarios, understand client requirements, work with deadlines, and collaborate with others in a professional environment.","title":"The Best Chicken Tinga Tacos","date":"2022-02-02","image":"/img/blog/4.jpg","categories":["Recipes"],"tags":["Recipes","Food"],"author":"Charlie Williams","short":"Lorem ipsum dolor sit amet, consectetur adipisicing elit. Eius sequi commodi dignissimos.","introLayout":1,"postLayout":1,"details":{"title":"Ingredients:","items":[{"label":"Numquam","value":"1 pack"},{"label":"Cupiditate","value":"150g"},{"label":"Adipisicing","value":"1kg"},{"label":"Dolorem obcaecati","value":"3 Teaspoon"},{"label":"Porro","value":"2 pack"},{"label":"Vel fuga","value":"300g"}]}},{"id":"beet-and-burrata-salad-with-fried-bread","content":"\r\nGutem temporibus quae facilis totam, dolorem laborum optio laudantium explicabo quia ea. Officia beatae excepturi adipisci? Nobis consequatur ullam officiis adipisci assumenda, voluptas optio, commodi, soluta itaque error consectetur cupiditate vero voluptatem architecto blanditiis quidem amet. Quod ipsam consequuntur distinctio velit sed ipsum quisquam, itaque placeat error non animi quam aut similique nulla ab. Quaerat dicta, dolores veritatis magnam quae aut omnis in porro.\r\n\r\n###### Voluptatem odit ullam veritatis\r\n\r\nOmnis consectetur in libero! Quo animi minus sunt, excepturi inventore! Recusandae enim fugit saepe mollitia laboriosam minima sapiente laborum aspernatur ut! Voluptatibus tempora cupiditate nulla cum dicta odit unde eius sit molestias corrupti pariatur illum aspernatur blanditiis, dolor earum quidem incidunt eligendi magnam obcaecati iure quis corporis. Perspiciatis rem provident aliquid iusto temporibus, exercitationem voluptatibus accusamus amet ratione atque, dolor vel necessitatibus illo ipsa officia, sunt quia magni saepe velit ipsum sapiente blanditiis minima.\r\n\r\n- Voluptate aspernatur\r\n- Fugiat asperiores\r\n- Doloremque quidem porro\r\n- Numquam porro sequi\r\n- Laudantium quis\r\n\r\nVoluptatem odit ullam veritatis corrupti officia non aperiam eius vero amet, sed porro blanditiis, harum, quo fugit cupiditate. Maxime quaerat ratione\r\n\r\nTempora quasi nihil eos minus facilis. Modi atque odit mollitia, molestias eum inventore, minima distinctio laborum asperiores odio sit fuga rem, totam error aspernatur ipsa? Officia doloribus, non perspiciatis, aspernatur a numquam pariatur reprehenderit, incidunt fugiat modi nam. **Repudiandae obcaecati** excepturi, autem dicta tempore qui consequatur quisquam architecto dolorem voluptates nihil est ex perferendis eligendi laboriosam maxime placeat doloribus et reprehenderit beatae tempora numquam harum expedita! Amet at odit pariatur eum tenetur ratione\r\n\r\nModi sint reprehenderit vitae officiis pariatur, ab debitis voluptate ea eius assumenda beatae, tempora, dolores deserunt, ipsam ipsum! Quod ipsam consequuntur distinctio velit sed ipsum quisquam, itaque placeat error non animi quam aut similique nulla ab. Quaerat dicta, dolores veritatis magnam quae aut omnis in porro.\r\n","title":"Beet and Burrata Salad with Fried Bread","date":"2022-02-02","image":"/img/blog/2.jpg","categories":["Gastronomy"],"tags":["Gastronomy","Fast Food"],"author":"Peter Stanbridge","short":"Lorem ipsum dolor sit amet, consectetur adipisicing elit. Eius sequi commodi dignissimos.","introLayout":1,"postLayout":1,"details":{"title":"Ingredients:","items":[{"label":"Numquam","value":"1 pack"},{"label":"Cupiditate","value":"150g"},{"label":"Adipisicing","value":"1kg"},{"label":"Dolorem obcaecati","value":"3 Teaspoon"},{"label":"Porro","value":"2 pack"},{"label":"Vel fuga","value":"300g"}]}},{"id":"the-office-business-lunch","content":"\r\nGutem temporibus quae facilis totam, dolorem laborum optio laudantium explicabo quia ea. Officia beatae excepturi adipisci? Nobis consequatur ullam officiis adipisci assumenda, voluptas optio, commodi, soluta itaque error consectetur cupiditate vero voluptatem architecto blanditiis quidem amet. Quod ipsam consequuntur distinctio velit sed ipsum quisquam, itaque placeat error non animi quam aut similique nulla ab. Quaerat dicta, dolores veritatis magnam quae aut omnis in porro.\r\n\r\n###### Voluptatem odit ullam veritatis\r\n\r\nOmnis consectetur in libero! Quo animi minus sunt, excepturi inventore! Recusandae enim fugit saepe mollitia laboriosam minima sapiente laborum aspernatur ut! Voluptatibus tempora cupiditate nulla cum dicta odit unde eius sit molestias corrupti pariatur illum aspernatur blanditiis, dolor earum quidem incidunt eligendi magnam obcaecati iure quis corporis. Perspiciatis rem provident aliquid iusto temporibus, exercitationem voluptatibus accusamus amet ratione atque, dolor vel necessitatibus illo ipsa officia, sunt quia magni saepe velit ipsum sapiente blanditiis minima.\r\n\r\n- Voluptate aspernatur\r\n- Fugiat asperiores\r\n- Doloremque quidem porro\r\n- Numquam porro sequi\r\n- Laudantium quis\r\n\r\nVoluptatem odit ullam veritatis corrupti officia non aperiam eius vero amet, sed porro blanditiis, harum, quo fugit cupiditate. Maxime quaerat ratione\r\n\r\nTempora quasi nihil eos minus facilis. Modi atque odit mollitia, molestias eum inventore, minima distinctio laborum asperiores odio sit fuga rem, totam error aspernatur ipsa? Officia doloribus, non perspiciatis, aspernatur a numquam pariatur reprehenderit, incidunt fugiat modi nam. **Repudiandae obcaecati** excepturi, autem dicta tempore qui consequatur quisquam architecto dolorem voluptates nihil est ex perferendis eligendi laboriosam maxime placeat doloribus et reprehenderit beatae tempora numquam harum expedita! Amet at odit pariatur eum tenetur ratione\r\n\r\nModi sint reprehenderit vitae officiis pariatur, ab debitis voluptate ea eius assumenda beatae, tempora, dolores deserunt, ipsam ipsum! Quod ipsam consequuntur distinctio velit sed ipsum quisquam, itaque placeat error non animi quam aut similique nulla ab. Quaerat dicta, dolores veritatis magnam quae aut omnis in porro.","title":"The office business lunch","date":"2022-01-02","image":"/img/blog/3.jpg","categories":["Menu"],"tags":["Menu","Eat"],"author":"Nguta Ithya","short":"Lorem ipsum dolor sit amet, consectetur adipisicing elit. Eius sequi commodi dignissimos.","introLayout":1,"postLayout":1,"details":{"title":"Ingredients:","items":[{"label":"Numquam","value":"1 pack"},{"label":"Cupiditate","value":"150g"},{"label":"Adipisicing","value":"1kg"},{"label":"Dolorem obcaecati","value":"3 Teaspoon"},{"label":"Porro","value":"2 pack"},{"label":"Vel fuga","value":"300g"}]}},{"id":"quinoa-sweet-potato-salad","content":"\r\nContrary to popular belief, Lorem Ipsum is not simply random text. It has roots in a piece of classical Latin literature from 45 BC, making it over 2000 years old. Richard McClintock, a Latin professor at Hampden-Sydney College in Virginia, looked up one of the more obscure Latin words, consectetur, from a Lorem Ipsum passage, and going through the cites of the word in classical literature, discovered the undoubtable source.\r\n\r\nIt is a long established fact that a reader will be distracted by the readable content of a page when looking at its layout. The point of using Lorem Ipsum is that it has a more-or-less normal distribution of letters, as opposed to using 'Content here, content here', making it look like readable English. Many desktop publishing packages and web page editors now use Lorem Ipsum as their default model text, and a search for 'lorem ipsum' will uncover many web sites still in their infancy. Various versions have evolved over the years, sometimes by accident, sometimes on purpose (injected humour and the like).\r\n\r\n- Donec arcu lacus, ornare eget ligula vel, commodo luctus felis.\r\n- Ut dignissim sapien sit amet molestie rutrum.\r\n- Orci varius natoque penatibus et magnis dis parturient montes.\r\n- Ut at nulla ut libero mollis viverra sed vitae purus.\r\n\r\nThere are many variations of passages of Lorem Ipsum available, but the majority have suffered alteration in some form, by injected humour, or randomised words which don't look even slightly believable. If you are going to use a passage of Lorem Ipsum, you need to be sure there isn't anything embarrassing hidden in the middle of text. All the Lorem Ipsum generators on the Internet tend to repeat predefined chunks as necessary, making this the first true generator on the Internet.\r\n\r\nThere are many variations of passages of Lorem Ipsum available, but the majority have suffered alteration in some form, by injected humour, or randomised words which don't look even slightly believable. If you are going to use a passage of Lorem Ipsum, you need to be sure there isn't anything embarrassing hidden in the middle of text. All the Lorem Ipsum generators on the Internet tend to repeat predefined chunks as necessary, making this the first true generator on the Internet.\r\n\r\nThere are many variations of passages of Lorem Ipsum available, but the majority have suffered alteration in some form, by injected humour, or randomised words which don't look even slightly believable. If you are going to use a passage of Lorem Ipsum, you need to be sure there isn't anything embarrassing hidden in the middle of text. All the Lorem Ipsum generators on the Internet tend to repeat predefined chunks as necessary, making this the first true generator on the Internet.","title":"Quinoa Sweet Potato Salad","date":"2022-01-02","image":"/img/blog/6.jpg","categories":["News of the restaurant"],"tags":["Restaurant","Eat","Caffe"],"author":"Peter Stanbridge","short":"Lorem ipsum dolor sit amet, consectetur adipisicing elit. Eius sequi commodi dignissimos.","introLayout":1,"postLayout":1,"details":{"title":"Ingredients:","items":[{"label":"Numquam","value":"1 pack"},{"label":"Cupiditate","value":"150g"},{"label":"Adipisicing","value":"1kg"},{"label":"Dolorem obcaecati","value":"3 Teaspoon"},{"label":"Porro","value":"2 pack"},{"label":"Vel fuga","value":"300g"}]}},{"id":"new-breakfast-menu-renaissance","content":"\r\nGutem temporibus quae facilis totam, dolorem laborum optio laudantium explicabo quia ea. Officia beatae excepturi adipisci? Nobis consequatur ullam officiis adipisci assumenda, voluptas optio, commodi, soluta itaque error consectetur cupiditate vero voluptatem architecto blanditiis quidem amet. Quod ipsam consequuntur distinctio velit sed ipsum quisquam, itaque placeat error non animi quam aut similique nulla ab. Quaerat dicta, dolores veritatis magnam quae aut omnis in porro.\r\n\r\n###### Voluptatem odit ullam veritatis\r\n\r\nOmnis consectetur in libero! Quo animi minus sunt, excepturi inventore! Recusandae enim fugit saepe mollitia laboriosam minima sapiente laborum aspernatur ut! Voluptatibus tempora cupiditate nulla cum dicta odit unde eius sit molestias corrupti pariatur illum aspernatur blanditiis, dolor earum quidem incidunt eligendi magnam obcaecati iure quis corporis. Perspiciatis rem provident aliquid iusto temporibus, exercitationem voluptatibus accusamus amet ratione atque, dolor vel necessitatibus illo ipsa officia, sunt quia magni saepe velit ipsum sapiente blanditiis minima.\r\n\r\n- Voluptate aspernatur\r\n- Fugiat asperiores\r\n- Doloremque quidem porro\r\n- Numquam porro sequi\r\n- Laudantium quis\r\n\r\nVoluptatem odit ullam veritatis corrupti officia non aperiam eius vero amet, sed porro blanditiis, harum, quo fugit cupiditate. Maxime quaerat ratione\r\n\r\nTempora quasi nihil eos minus facilis. Modi atque odit mollitia, molestias eum inventore, minima distinctio laborum asperiores odio sit fuga rem, totam error aspernatur ipsa? Officia doloribus, non perspiciatis, aspernatur a numquam pariatur reprehenderit, incidunt fugiat modi nam. **Repudiandae obcaecati** excepturi, autem dicta tempore qui consequatur quisquam architecto dolorem voluptates nihil est ex perferendis eligendi laboriosam maxime placeat doloribus et reprehenderit beatae tempora numquam harum expedita! Amet at odit pariatur eum tenetur ratione\r\n\r\nModi sint reprehenderit vitae officiis pariatur, ab debitis voluptate ea eius assumenda beatae, tempora, dolores deserunt, ipsam ipsum! Quod ipsam consequuntur distinctio velit sed ipsum quisquam, itaque placeat error non animi quam aut similique nulla ab. Quaerat dicta, dolores veritatis magnam quae aut omnis in porro.","title":"New breakfast menu \"Renaissance\"","date":"2022-01-02","image":"/img/blog/3.jpg","categories":["Gastronomy"],"tags":["Fast food","Recipes"],"author":"Nguta Ithya","short":"Lorem ipsum dolor sit amet, consectetur adipisicing elit. Eius sequi commodi dignissimos.","introLayout":1,"postLayout":1,"details":{"title":"Ingredients:","items":[{"label":"Numquam","value":"1 pack"},{"label":"Cupiditate","value":"150g"},{"label":"Adipisicing","value":"1kg"},{"label":"Dolorem obcaecati","value":"3 Teaspoon"},{"label":"Porro","value":"2 pack"},{"label":"Vel fuga","value":"300g"}]}}]