{
    "categories": [
        {
            "name": "Questions about delivery",
            "items": [
                {
                    "title": "What are the working hours?",
                    "text": "Dolor sit amet, consectetur adipisicing elit. Aliquam animi, facere quia eveniet perferendis dolorem, eaque magnam quod esse in itaque placeat expedita assumenda aliquid iusto architecto libero hic quasi, veniam. Voluptas sunt ullam vel dolorum excepturi veritatis incidunt. Rem recusandae ipsa molestias alias assumenda nemo facere quos sunt possimus earum magnam, iusto, dolore eius illo iste laboriosam fugit odit obcaecati, distinctio ratione corporis voluptatem nisi quod natus. Architecto dolore ipsam minima ducimus dolorem qui excepturi eveniet velit ea dolor asperiores reiciendis soluta. Consequatur harum tempora eaque aperiam, eligendi consectetur dolorem veniam? Ipsam consectetur corporis, asperiores commodi adipisci, non dolor veniam, molestiae architecto magnam, repellat ut qui dolorem vero."
                },
                {
                    "title": "What is the location of the restaurant?",
                    "text": "Aarchitecto nihil omnis cupiditate voluptatum, fuga, iure culpa doloremque. Laboriosam veniam culpa architecto fuga consequuntur dolorem iusto rem reprehenderit nam natus corporis, quam minus, optio quae molestiae, tempore doloribus voluptatibus aliquid fugit. Modi officiis voluptate perspiciatis consequatur unde ex consequuntur, nulla ratione molestiae cupiditate quod ut dolorum beatae quam rerum id voluptates voluptatum corrupti, repudiandae ea ducimus aliquid alias veniam harum. Perferendis?"
                },
                {
                    "title": "How to book a table in a restaurant?",
                    "text": "Officiis quos sint quae explicabo architecto nihil omnis cupiditate voluptatum, fuga, iure culpa doloremque. Laboriosam veniam culpa architecto fuga consequuntur dolorem iusto rem reprehenderit nam natus corporis, quam minus, optio quae molestiae, tempore doloribus voluptatibus aliquid fugit. Modi officiis voluptate perspiciatis consequatur unde ex consequuntur, nulla ratione molestiae cupiditate quod ut dolorum beatae quam rerum id voluptates voluptatum corrupti, repudiandae ea ducimus aliquid alias veniam harum."
                },
                {
                    "title": "How to order home delivery?",
                    "text": "Quidem magnam commodi maiores accusantium dolor architecto at tempora, cumque natus enim? Nihil inventore labore enim a praesentium numquam eaque animi magni laudantium provident ullam temporibus reprehenderit, cumque libero blanditiis beatae, reiciendis debitis dignissimos dolor recusandae quas! Magni officiis sapiente odit neque aliquid! Animi ipsum, aut. Officia dicta ut ducimus, omnis perferendis impedit facilis voluptate consectetur molestias eos id et veniam eaque unde magnam quae facere praesentium quod."
                },
                {
                    "title": "How to book a table in a restaurant?",
                    "text": "Officiis quos sint quae explicabo architecto nihil omnis cupiditate voluptatum, fuga, iure culpa doloremque. Laboriosam veniam culpa architecto fuga consequuntur dolorem iusto rem reprehenderit nam natus corporis, quam minus, optio quae molestiae, tempore doloribus voluptatibus aliquid fugit. Modi officiis voluptate perspiciatis consequatur unde ex consequuntur, nulla ratione molestiae cupiditate quod ut dolorum beatae quam rerum id voluptates voluptatum corrupti, repudiandae ea ducimus aliquid alias veniam harum."
                },
                {
                    "title": "What is the location of the restaurant?",
                    "text": "Aarchitecto nihil omnis cupiditate voluptatum, fuga, iure culpa doloremque. Laboriosam veniam culpa architecto fuga consequuntur dolorem iusto rem reprehenderit nam natus corporis, quam minus, optio quae molestiae, tempore doloribus voluptatibus aliquid fugit. Modi officiis voluptate perspiciatis consequatur unde ex consequuntur, nulla ratione molestiae cupiditate quod ut dolorum beatae quam rerum id voluptates voluptatum corrupti, repudiandae ea ducimus aliquid alias veniam harum. Perferendis?"
                },
                {
                    "title": "How to order home delivery?",
                    "text": "Quidem magnam commodi maiores accusantium dolor architecto at tempora, cumque natus enim? Nihil inventore labore enim a praesentium numquam eaque animi magni laudantium provident ullam temporibus reprehenderit, cumque libero blanditiis beatae, reiciendis debitis dignissimos dolor recusandae quas! Magni officiis sapiente odit neque aliquid! Animi ipsum, aut. Officia dicta ut ducimus, omnis perferendis impedit facilis voluptate consectetur molestias eos id et veniam eaque unde magnam quae facere praesentium quod."
                },
                {
                    "title": "What are the working hours?",
                    "text": "Dolor sit amet, consectetur adipisicing elit. Aliquam animi, facere quia eveniet perferendis dolorem, eaque magnam quod esse in itaque placeat expedita assumenda aliquid iusto architecto libero hic quasi, veniam. Voluptas sunt ullam vel dolorum excepturi veritatis incidunt. Rem recusandae ipsa molestias alias assumenda nemo facere quos sunt possimus earum magnam, iusto, dolore eius illo iste laboriosam fugit odit obcaecati, distinctio ratione corporis voluptatem nisi quod natus. Architecto dolore ipsam minima ducimus dolorem qui excepturi eveniet velit ea dolor asperiores reiciendis soluta. Consequatur harum tempora eaque aperiam, eligendi consectetur dolorem veniam? Ipsam consectetur corporis, asperiores commodi adipisci, non dolor veniam, molestiae architecto magnam, repellat ut qui dolorem vero."
                }
            ]
        },
        {
            "name": "Questions about services",
            "items": [
                {
                    "title": "What are the working hours?",
                    "text": "Dolor sit amet, consectetur adipisicing elit. Aliquam animi, facere quia eveniet perferendis dolorem, eaque magnam quod esse in itaque placeat expedita assumenda aliquid iusto architecto libero hic quasi, veniam. Voluptas sunt ullam vel dolorum excepturi veritatis incidunt. Rem recusandae ipsa molestias alias assumenda nemo facere quos sunt possimus earum magnam, iusto, dolore eius illo iste laboriosam fugit odit obcaecati, distinctio ratione corporis voluptatem nisi quod natus. Architecto dolore ipsam minima ducimus dolorem qui excepturi eveniet velit ea dolor asperiores reiciendis soluta. Consequatur harum tempora eaque aperiam, eligendi consectetur dolorem veniam? Ipsam consectetur corporis, asperiores commodi adipisci, non dolor veniam, molestiae architecto magnam, repellat ut qui dolorem vero."
                },
                {
                    "title": "What is the location of the restaurant?",
                    "text": "Aarchitecto nihil omnis cupiditate voluptatum, fuga, iure culpa doloremque. Laboriosam veniam culpa architecto fuga consequuntur dolorem iusto rem reprehenderit nam natus corporis, quam minus, optio quae molestiae, tempore doloribus voluptatibus aliquid fugit. Modi officiis voluptate perspiciatis consequatur unde ex consequuntur, nulla ratione molestiae cupiditate quod ut dolorum beatae quam rerum id voluptates voluptatum corrupti, repudiandae ea ducimus aliquid alias veniam harum. Perferendis?"
                },
                {
                    "title": "How to book a table in a restaurant?",
                    "text": "Officiis quos sint quae explicabo architecto nihil omnis cupiditate voluptatum, fuga, iure culpa doloremque. Laboriosam veniam culpa architecto fuga consequuntur dolorem iusto rem reprehenderit nam natus corporis, quam minus, optio quae molestiae, tempore doloribus voluptatibus aliquid fugit. Modi officiis voluptate perspiciatis consequatur unde ex consequuntur, nulla ratione molestiae cupiditate quod ut dolorum beatae quam rerum id voluptates voluptatum corrupti, repudiandae ea ducimus aliquid alias veniam harum."
                },
                {
                    "title": "How to order home delivery?",
                    "text": "Quidem magnam commodi maiores accusantium dolor architecto at tempora, cumque natus enim? Nihil inventore labore enim a praesentium numquam eaque animi magni laudantium provident ullam temporibus reprehenderit, cumque libero blanditiis beatae, reiciendis debitis dignissimos dolor recusandae quas! Magni officiis sapiente odit neque aliquid! Animi ipsum, aut. Officia dicta ut ducimus, omnis perferendis impedit facilis voluptate consectetur molestias eos id et veniam eaque unde magnam quae facere praesentium quod."
                },
                {
                    "title": "How to book a table in a restaurant?",
                    "text": "Officiis quos sint quae explicabo architecto nihil omnis cupiditate voluptatum, fuga, iure culpa doloremque. Laboriosam veniam culpa architecto fuga consequuntur dolorem iusto rem reprehenderit nam natus corporis, quam minus, optio quae molestiae, tempore doloribus voluptatibus aliquid fugit. Modi officiis voluptate perspiciatis consequatur unde ex consequuntur, nulla ratione molestiae cupiditate quod ut dolorum beatae quam rerum id voluptates voluptatum corrupti, repudiandae ea ducimus aliquid alias veniam harum."
                },
                {
                    "title": "What is the location of the restaurant?",
                    "text": "Aarchitecto nihil omnis cupiditate voluptatum, fuga, iure culpa doloremque. Laboriosam veniam culpa architecto fuga consequuntur dolorem iusto rem reprehenderit nam natus corporis, quam minus, optio quae molestiae, tempore doloribus voluptatibus aliquid fugit. Modi officiis voluptate perspiciatis consequatur unde ex consequuntur, nulla ratione molestiae cupiditate quod ut dolorum beatae quam rerum id voluptates voluptatum corrupti, repudiandae ea ducimus aliquid alias veniam harum. Perferendis?"
                },
                {
                    "title": "How to order home delivery?",
                    "text": "Quidem magnam commodi maiores accusantium dolor architecto at tempora, cumque natus enim? Nihil inventore labore enim a praesentium numquam eaque animi magni laudantium provident ullam temporibus reprehenderit, cumque libero blanditiis beatae, reiciendis debitis dignissimos dolor recusandae quas! Magni officiis sapiente odit neque aliquid! Animi ipsum, aut. Officia dicta ut ducimus, omnis perferendis impedit facilis voluptate consectetur molestias eos id et veniam eaque unde magnam quae facere praesentium quod."
                },
                {
                    "title": "What are the working hours?",
                    "text": "Dolor sit amet, consectetur adipisicing elit. Aliquam animi, facere quia eveniet perferendis dolorem, eaque magnam quod esse in itaque placeat expedita assumenda aliquid iusto architecto libero hic quasi, veniam. Voluptas sunt ullam vel dolorum excepturi veritatis incidunt. Rem recusandae ipsa molestias alias assumenda nemo facere quos sunt possimus earum magnam, iusto, dolore eius illo iste laboriosam fugit odit obcaecati, distinctio ratione corporis voluptatem nisi quod natus. Architecto dolore ipsam minima ducimus dolorem qui excepturi eveniet velit ea dolor asperiores reiciendis soluta. Consequatur harum tempora eaque aperiam, eligendi consectetur dolorem veniam? Ipsam consectetur corporis, asperiores commodi adipisci, non dolor veniam, molestiae architecto magnam, repellat ut qui dolorem vero."
                }
            ]
        }
    ]
}